{
  "final_equity": 83847.15944712052,
  "CAGR": -0.1081709605442791,
  "MaxDD": -0.3821597055822089,
  "Sharpe": -0.328204898950499,
  "Sortino": -0.4090710437270045,
  "Calmar": -0.283051716243825,
  "WinRate": 0.2917771883289125,
  "Trades": 377
}