{
  "final_equity": 26019.39629561497,
  "CAGR": -0.583108172508243,
  "MaxDD": -0.7845230594525029,
  "Sharpe": -1.745702141258881,
  "Sortino": -2.315257142289972,
  "Calmar": -0.7432645420456834,
  "WinRate": 0.2768361581920904,
  "Trades": 354
}